,Sample,Genus,Species,family,XA_ratio
0,PD_0001,Cheracebus,Cheracebus_lugens_ssp,Pitheciidae,0.5162823199644082
2,PD_0004,Ateles,Ateles_belzebuth_ssp,Atelidae,0.6250347097278166
4,PD_0006,Chiropotes,Chiropotes_israelita_ssp,Pitheciidae,0.7209064556236902
5,PD_0007,Cebus,Cebus_olivaceus_ssp,Cebidae,0.4803879218849741
6,PD_0008,Aotus,Aotus_trivirgatus_ssp,Aotidae,0.36699073575147956
8,PD_0010,Cebuella,Cebuella_niveiventris_ssp,Callitrichidae,0.4431743153704741
9,PD_0011,Sapajus,Sapajus_apella_ssp,Cebidae,0.31071192943741277
10,PD_0012,Saimiri,Saimiri_ustus_ssp,Cebidae,0.46555067930697475
11,PD_0013,Cebus,Cebus_unicolor_ssp,Cebidae,0.559177339773978
12,PD_0014,Plecturocebus,Plecturocebus_cupreus_ssp,Pitheciidae,0.5769536182487083
15,PD_0017,Leontocebus,Leontocebus_nigricollis_ssp,Callitrichidae,0.45349082999685836
17,PD_0019,Cacajao,Cacajao_ayresi_ssp,Pitheciidae,0.7926522581578438
18,PD_0020,Cacajao,Cacajao_calvus_ssp,Pitheciidae,0.8312022227704491
19,PD_0021,Cacajao,Cacajao_calvus_ssp,Pitheciidae,0.9155574054844465
20,PD_0022,Cacajao,Cacajao_ayresi_ssp,Pitheciidae,0.775574337102987
21,PD_0023,Cacajao,Cacajao_calvus_ssp,Pitheciidae,0.8498475686589952
22,PD_0024,Cacajao,Cacajao_calvus_ssp,Pitheciidae,0.8421143686684512
23,PD_0025,Alouatta,Alouatta_seniculus_ssp,Atelidae,0.5565894193775198
24,PD_0026,Alouatta,Alouatta_seniculus_ssp,Atelidae,0.5903407667606732
25,PD_0027,Alouatta,Alouatta_discolor_ssp,Atelidae,0.5446977737893758
27,PD_0029,Allochrocebus,Allochrocebus_lhoesti_ssp,Cercopithecidae,0.36266807375882676
28,PD_0030,Allochrocebus,Allochrocebus_preussi_ssp,Cercopithecidae,0.40453674823440866
30,PD_0032,Cercopithecus,Cercopithecus_ascanius_ssp,Cercopithecidae,0.5928137943027595
36,PD_0039,Piliocolobus,Piliocolobus_badius_ssp,Cercopithecidae,1.065080064983739
39,PD_0042,Cercopithecus,Cercopithecus_mona_ssp,Cercopithecidae,0.5242017688354411
42,PD_0045,Piliocolobus,Piliocolobus_gordonorum_ssp,Cercopithecidae,1.3518689599778435
43,PD_0046,Piliocolobus,Piliocolobus_kirkii_ssp,Cercopithecidae,1.1249606577973907
44,PD_0047,Piliocolobus,Piliocolobus_tephrosceles_ssp,Cercopithecidae,1.1311020852589557
45,PD_0048,Trachypithecus,Trachypithecus_phayrei_ssp,Cercopithecidae,0.4624679956458474
47,PD_0050,Hylobates,Hylobates_agilis_ssp,Hylobatidae,0.7082912393186415
48,PD_0051,Nomascus,Nomascus_gabriellae_ssp,Hylobatidae,0.5552488986466683
49,PD_0052,Presbytis,Presbytis_comata_ssp,Cercopithecidae,0.4532659007091124
52,PD_0055,Colobus,Colobus_polykomos_ssp,Cercopithecidae,0.5339044220430126
57,PD_0060,Cercopithecus,Cercopithecus_hamlyni_ssp,Cercopithecidae,0.5969481597804362
58,PD_0061,Cercopithecus,Cercopithecus_mitis_ssp,Cercopithecidae,0.32266396143849735
61,PD_0066,Cercopithecus,Cercopithecus_ascanius_ssp,Cercopithecidae,0.5949772989667765
63,PD_0068,Cercocebus,Cercocebus_chrysogaster_ssp,Cercopithecidae,0.34958242675252815
67,PD_0072,Alouatta,Alouatta_seniculus_ssp,Atelidae,0.6567229524984584
71,PD_0076,Ateles,Ateles_marginatus_ssp,Atelidae,0.63665581059585
74,PD_0079,Cebus,Cebus_olivaceus_ssp,Cebidae,0.3914848377321816
76,PD_0082,Chiropotes,Chiropotes_sagulatus_ssp,Pitheciidae,0.7511719719020462
80,PD_0087,Pithecia,Pithecia_albicans_ssp,Pitheciidae,0.6688040315457028
81,PD_0088,Cacajao,Cacajao_calvus_ssp,Pitheciidae,0.8526134132097287
82,PD_0089,Alouatta,Alouatta_macconnelli_ssp,Atelidae,0.5754884736600863
86,PD_0093,Cercopithecus,Cercopithecus_roloway_ssp,Cercopithecidae,0.5086581955577314
92,PD_0099,Nomascus,Nomascus_siki_ssp,Hylobatidae,0.6223546609770906
93,PD_0100,Semnopithecus,Semnopithecus_priam_ssp,Cercopithecidae,0.590714895852307
95,PD_0102,Semnopithecus,Semnopithecus_entellus_ssp,Cercopithecidae,0.5125638046282596
96,PD_0103,Pygathrix,Pygathrix_nemaeus_ssp,Cercopithecidae,0.4663397524403761
98,PD_0105,Pygathrix,Pygathrix_nemaeus_ssp,Cercopithecidae,0.5412421319398102
103,PD_0110,Xanthonycticebus,Xanthonycticebus_pygmaeus_ssp,Lorisidae,0.7517263487345313
105,PD_0114,Pygathrix,Pygathrix_nigripes_ssp,Cercopithecidae,0.5649577549918328
106,PD_0115,Pygathrix,Pygathrix_nigripes_ssp,Cercopithecidae,0.6225774634946876
110,PD_0119,Saguinus,Saguinus_imperator_ssp,Callitrichidae,0.4327556751013699
112,PD_0121,Saguinus,Saguinus_midas_ssp,Callitrichidae,0.3470808640514613
113,PD_0122,Saguinus,Saguinus_oedipus_ssp,Callitrichidae,0.3605641017497212
115,PD_0124,Miopithecus,Miopithecus_ogouensis_ssp,Cercopithecidae,0.5678657915873434
119,PD_0128,Cacajao,Cacajao_melanocephalus_ssp,Pitheciidae,0.8478835991636868
122,PD_0131,Cacajao,Cacajao_ayresi_ssp,Pitheciidae,0.8348165032900625
123,PD_0132,Cacajao,Cacajao_calvus_ssp,Pitheciidae,0.7649333679097938
126,PD_0135,Alouatta,Alouatta_macconnelli_ssp,Atelidae,0.5945286680095059
129,PD_0138,Ateles,Ateles_belzebuth_ssp,Atelidae,0.620591390123824
130,PD_0139,Ateles,Ateles_chamek_ssp,Atelidae,0.577526084748842
131,PD_0140,Ateles,Ateles_chamek_ssp,Atelidae,0.5341578313073538
132,PD_0141,Cebus,Cebus_albifrons_ssp,Cebidae,0.33248578933007317
134,PD_0143,Pithecia,Pithecia_hirsuta_ssp,Pitheciidae,0.5925952589762304
135,PD_0145,Arctocebus,Arctocebus_calabarensis_ssp,Lorisidae,0.9679797726700538
137,PD_0147,Avahi,Avahi_peyrierasi_ssp,Indriidae,0.6000248534224194
140,PD_0150,Eulemur,Eulemur_collaris_ssp,Lemuridae,0.4702522007478969
149,PD_0159,Hapalemur,Hapalemur_meridionalis_ssp,Lemuridae,0.5925187640122539
150,PD_0160,Hapalemur,Hapalemur_occidentalis_ssp,Lemuridae,0.5573671462324883
152,PD_0162,Mico,Mico_argentatus_ssp,Callitrichidae,0.2815521737433723
155,PD_0165,Perodicticus,Perodicticus_potto_ssp,Lorisidae,0.7074728603120571
156,PD_0166,Prolemur,Prolemur_simus_ssp,Lemuridae,0.7587495068243596
157,PD_0168,Propithecus,Propithecus_diadema_ssp,Indriidae,0.4351735562424729
158,PD_0169,Propithecus,Propithecus_edwardsi_ssp,Indriidae,0.41624537462861655
160,PD_0171,Propithecus,Propithecus_tattersalli_ssp,Indriidae,0.6555458428396391
164,PD_0175,Alouatta,Alouatta_palliata_ssp,Atelidae,0.6033120823964809
166,PD_0177,Ateles,Ateles_geoffroyi_ssp,Atelidae,0.6707971211698507
167,PD_0179,Gorilla,Gorilla_beringei_ssp,Hominidae,0.36657409160313054
168,PD_0180,Gorilla,Gorilla_gorilla_ssp,Hominidae,0.5706785471405093
169,PD_0181,Gorilla,Gorilla_gorilla_ssp,Hominidae,0.5624971944330268
170,PD_0182,Gorilla,Gorilla_gorilla_ssp,Hominidae,0.6313496470717452
171,PD_0183,Gorilla,Gorilla_gorilla_ssp,Hominidae,0.5971779035992072
173,PD_0185,Gorilla,Gorilla_gorilla_ssp,Hominidae,0.48511416583724243
174,PD_0186,Gorilla,Gorilla_gorilla_ssp,Hominidae,0.611367121645521
175,PD_0187,Gorilla,Gorilla_gorilla_ssp,Hominidae,0.5560247824228073
176,PD_0188,Gorilla,Gorilla_gorilla_ssp,Hominidae,0.6187242823995661
177,PD_0189,Gorilla,Gorilla_gorilla_ssp,Hominidae,0.6292689544974098
178,PD_0190,Gorilla,Gorilla_gorilla_ssp,Hominidae,0.571780308709801
181,PD_0193,Gorilla,Gorilla_gorilla_ssp,Hominidae,0.549739259025204
182,PD_0194,Gorilla,Gorilla_gorilla_ssp,Hominidae,0.5608085241191075
183,PD_0195,Gorilla,Gorilla_gorilla_ssp,Hominidae,0.5404758613278008
184,PD_0196,Gorilla,Gorilla_gorilla_ssp,Hominidae,0.5557497683835407
187,PD_0199,Papio,Papio_anubis_ssp,Cercopithecidae,0.3833068492140647
188,PD_0200,Papio,Papio_anubis_ssp,Cercopithecidae,0.3262401541347671
191,PD_0203,Papio,Papio_anubis_ssp,Cercopithecidae,0.4349363709525938
193,PD_0205,Papio,Papio_anubis_ssp,Cercopithecidae,0.38230194601443007
194,PD_0206,Papio,Papio_anubis_ssp,Cercopithecidae,0.45951562616417413
196,PD_0208,Papio,Papio_anubis_ssp,Cercopithecidae,0.37819399644302104
197,PD_0209,Papio,Papio_anubis_ssp,Cercopithecidae,0.4397274156844011
198,PD_0210,Papio,Papio_anubis_ssp,Cercopithecidae,0.3743023228883015
199,PD_0211,Papio,Papio_anubis_ssp,Cercopithecidae,0.28205532048524934
200,PD_0212,Papio,Papio_anubis_ssp,Cercopithecidae,0.45172734298500294
201,PD_0213,Papio,Papio_cynocephalus_ssp,Cercopithecidae,0.5827305630786066
202,PD_0214,Papio,Papio_cynocephalus_ssp,Cercopithecidae,0.5545389328635538
204,PD_0216,Papio,Papio_cynocephalus_ssp,Cercopithecidae,0.5305827796961261
207,PD_0219,Papio,Papio_anubis_ssp,Cercopithecidae,0.43412755094718697
209,PD_0221,Papio,Papio_anubis_ssp,Cercopithecidae,0.4060984885976075
210,PD_0222,Papio,Papio_anubis_ssp,Cercopithecidae,0.19041753329146766
212,PD_0224,Papio,Papio_cynocephalus_ssp,Cercopithecidae,0.5629101656229843
213,PD_0225,Papio,Papio_cynocephalus_ssp,Cercopithecidae,0.5441534513685612
214,PD_0226,Papio,Papio_cynocephalus_ssp,Cercopithecidae,0.554560074294571
220,PD_0232,Papio,Papio_cynocephalus_ssp,Cercopithecidae,0.5274024339118717
225,PD_0237,Papio,Papio_cynocephalus_ssp,Cercopithecidae,0.5176847753099731
226,PD_0238,Papio,Papio_anubis_ssp,Cercopithecidae,0.47802780315137927
227,PD_0239,Papio,Papio_anubis_ssp,Cercopithecidae,0.48406996065584507
228,PD_0240,Papio,Papio_anubis_ssp,Cercopithecidae,0.3227355483449649
229,PD_0241,Papio,Papio_anubis_ssp,Cercopithecidae,0.41630748723103583
231,PD_0243,Papio,Papio_anubis_ssp,Cercopithecidae,0.5009872597084385
232,PD_0244,Papio,Papio_anubis_ssp,Cercopithecidae,0.4456748641706621
233,PD_0245,Lepilemur,Lepilemur_ankaranensis_ssp,Lepilemuridae,0.5977890026834908
235,PD_0247,Eulemur,Eulemur_collaris_ssp,Lemuridae,0.44954468886141935
236,PD_0248,Lepilemur,Lepilemur_ankaranensis_ssp,Lepilemuridae,0.7386227842622742
241,PD_0253,Pygathrix,Pygathrix_cinerea_ssp,Cercopithecidae,0.5232271334020934
246,PD_0258,Pan,Pan_troglodytes_ssp,Hominidae,0.6290550072118862
247,PD_0259,Pan,Pan_troglodytes_ssp,Hominidae,0.6990961770871555
248,PD_0260,Gorilla,Gorilla_gorilla_ssp,Hominidae,0.6388961050368499
249,PD_0262,Pongo,Pongo_pygmaeus_ssp,Hominidae,0.3120192728754029
250,PD_0263,Pongo,Pongo_abelii_ssp,Hominidae,0.6870954825483726
251,PD_0264,Gorilla,Gorilla_gorilla_ssp,Hominidae,0.5847689291321531
252,PD_0265,Papio,Papio_anubis_ssp,Cercopithecidae,0.5702976999236212
257,PD_0270,Papio,Papio_cynocephalus_ssp,Cercopithecidae,0.46175816533719916
258,PD_0271,Papio,Papio_cynocephalus_ssp,Cercopithecidae,0.44689115108694843
259,PD_0272,Papio,Papio_cynocephalus_ssp,Cercopithecidae,0.5118569715861215
261,PD_0274,Plecturocebus,Plecturocebus_brunneus_ssp,Pitheciidae,0.5281812349872106
264,PD_0277,Plecturocebus,Plecturocebus_dubius_ssp,Pitheciidae,0.5612255084526208
267,PD_0280,Plecturocebus,Plecturocebus_miltoni_ssp,Pitheciidae,0.5398373920882924
269,PD_0282,Mico,Mico_humeralifer_ssp,Callitrichidae,0.5763031770648971
272,PD_0285,Cheracebus,Cheracebus_torquatus_ssp,Pitheciidae,0.49073703339461483
275,PD_0288,Cheracebus,Cheracebus_lucifer_ssp,Pitheciidae,0.6433921907221707
278,PD_0291,Cacajao,Cacajao_calvus_ssp,Pitheciidae,0.8209426583829837
279,PD_0292,Cacajao,Cacajao_calvus_ssp,Pitheciidae,0.8466955067172018
280,PD_0293,Leontopithecus,Leontopithecus_rosalia_ssp,Callitrichidae,0.44951338639344773
282,PD_0296,Alouatta,Alouatta_belzebul_ssp,Atelidae,0.6477773225057759
283,PD_0297,Alouatta,Alouatta_seniculus_ssp,Atelidae,0.6185820683321359
291,PD_0305,Ateles,Ateles_chamek_ssp,Atelidae,0.5422549567577002
296,PD_0310,Cebus,Cebus_unicolor_ssp,Cebidae,0.5679817890701776
297,PD_0311,Cebus,Cebus_unicolor_ssp,Cebidae,0.5287743298520486
298,PD_0312,Cheracebus,Cheracebus_lucifer_ssp,Pitheciidae,0.6810894989197114
299,PD_0313,Cheracebus,Cheracebus_lucifer_ssp,Pitheciidae,0.702152638776925
303,PD_0317,Cheracebus,Cheracebus_lugens_ssp,Pitheciidae,0.5355303242945856
305,PD_0319,Cheracebus,Cheracebus_lugens_ssp,Pitheciidae,0.6634034207401013
306,PD_0320,Cheracebus,Cheracebus_lugens_ssp,Pitheciidae,0.6642864660441463
308,PD_0322,Cheracebus,Cheracebus_regulus_ssp,Pitheciidae,0.5428799231410709
311,PD_0326,Chiropotes,Chiropotes_israelita_ssp,Pitheciidae,0.7611702198961907
313,PD_0328,Chiropotes,Chiropotes_israelita_ssp,Pitheciidae,0.7688344914691969
314,PD_0329,Chiropotes,Chiropotes_sagulatus_ssp,Pitheciidae,0.6994442517910062
315,PD_0330,Chiropotes,Chiropotes_sagulatus_ssp,Pitheciidae,0.7633926333995176
316,PD_0332,Plecturocebus,Plecturocebus_bernhardi_ssp,Pitheciidae,0.4784610384286043
319,PD_0335,Plecturocebus,Plecturocebus_caligatus_ssp,Pitheciidae,0.6821077611688783
321,PD_0337,Plecturocebus,Plecturocebus_cinerascens_ssp,Pitheciidae,0.4966666439018847
325,PD_0341,Plecturocebus,Plecturocebus_cupreus_ssp,Pitheciidae,0.7088173068424259
326,PD_0342,Plecturocebus,Plecturocebus_dubius_ssp,Pitheciidae,0.5702501105314477
328,PD_0344,Plecturocebus,Plecturocebus_moloch_ssp,Pitheciidae,0.4745940092739038
332,PD_0349,Saguinus,Saguinus_midas_ssp,Callitrichidae,0.6272113524411321
335,PD_0352,Leontocebus,Leontocebus_fuscicollis_ssp,Callitrichidae,0.4755038576134898
336,PD_0353,Saimiri,Saimiri_cassiquiarensis_ssp,Cebidae,0.2858843409732132
339,PD_0356,Saimiri,Saimiri_cassiquiarensis_ssp,Cebidae,0.22585226129855218
350,PD_0367,Saimiri,Saimiri_ustus_ssp,Cebidae,0.487268920660548
352,PD_0369,Saimiri,Saimiri_ustus_ssp,Cebidae,0.4638495290489246
362,PD_0379,Sapajus,Sapajus_apella_ssp,Cebidae,0.2908445800782264
365,PD_0382,Sapajus,Sapajus_apella_ssp,Cebidae,0.3099811599279703
370,PD_0387,Sapajus,Sapajus_apella_ssp,Cebidae,0.2636441910173157
373,PD_0390,Papio,Papio_papio_ssp,Cercopithecidae,0.3803103072014691
374,PD_0391,Papio,Papio_papio_ssp,Cercopithecidae,0.45832831635359655
375,PD_0392,Papio,Papio_papio_ssp,Cercopithecidae,0.3932132231228895
376,PD_0393,Papio,Papio_papio_ssp,Cercopithecidae,0.38560485034406683
377,PD_0394,Papio,Papio_papio_ssp,Cercopithecidae,0.3726237496386221
385,PD_0402,Cebus,Cebus_albifrons_ssp,Cebidae,0.3891380114470756
392,PD_0409,Chiropotes,Chiropotes_albinasus_ssp,Pitheciidae,0.8311510308024807
393,PD_0410,Cercopithecus,Cercopithecus_ascanius_ssp,Cercopithecidae,0.48731008508405066
394,PD_0411,Leontopithecus,Leontopithecus_rosalia_ssp,Callitrichidae,0.44400857291092255
398,PD_0415,Alouatta,Alouatta_belzebul_ssp,Atelidae,0.6371282406194552
399,PD_0416,Alouatta,Alouatta_macconnelli_ssp,Atelidae,0.5898657005960688
401,PD_0418,Alouatta,Alouatta_seniculus_ssp,Atelidae,0.646165546374695
403,PD_0420,Alouatta,Alouatta_juara_ssp,Atelidae,0.573008991632731
405,PD_0422,Alouatta,Alouatta_seniculus_ssp,Atelidae,0.5853261859264375
408,PD_0425,Alouatta,Alouatta_seniculus_ssp,Atelidae,0.5584700568686166
411,PD_0428,Alouatta,Alouatta_seniculus_ssp,Atelidae,0.6172912671522344
413,PD_0430,Alouatta,Alouatta_seniculus_ssp,Atelidae,0.5029395922036212
414,PD_0431,Ateles,Ateles_chamek_ssp,Atelidae,0.5816352646833666
415,PD_0432,Ateles,Ateles_chamek_ssp,Atelidae,0.5222059091502448
416,PD_0433,Ateles,Ateles_chamek_ssp,Atelidae,0.5439457779251515
419,PD_0436,Cacajao,Cacajao_calvus_ssp,Pitheciidae,0.9215605154159418
421,PD_0520,Hoolock,Hoolock_hoolock_ssp,Hylobatidae,0.5295472826837232
423,PD_0522,Hoolock,Hoolock_hoolock_ssp,Hylobatidae,0.5065653335017408
424,PD_0523,Hoolock,Hoolock_hoolock_ssp,Hylobatidae,0.577570257269709
426,PD_0525,Hoolock,Hoolock_hoolock_ssp,Hylobatidae,0.44236843766148043
427,PD_0526,Macaca,Macaca_assamensis_ssp,Cercopithecidae,0.5750174907780575
428,PD_0527,Hoolock,Hoolock_hoolock_ssp,Hylobatidae,0.3019447217062612
429,PD_0528,Hoolock,Hoolock_hoolock_ssp,Hylobatidae,0.6220267004004744
431,PD_0530,Hoolock,Hoolock_hoolock_ssp,Hylobatidae,0.5779592403693187
434,PD_0533,Macaca,Macaca_arctoides_ssp,Cercopithecidae,0.22322281561940266
436,PD_0535,Macaca,Macaca_arctoides_ssp,Cercopithecidae,0.1653908052944657
439,PD_0541,Macaca,Macaca_leonina_ssp,Cercopithecidae,0.3188898867776224
440,PD_0542,Macaca,Macaca_leonina_ssp,Cercopithecidae,0.30647045839769055
441,PD_0543,Macaca,Macaca_leonina_ssp,Cercopithecidae,0.3851107484070397
443,PD_0545,Macaca,Macaca_leonina_ssp,Cercopithecidae,0.35614223030808007
444,PD_0552,Macaca,Macaca_radiata_ssp,Cercopithecidae,0.38402194171882953
448,PD_0556,Macaca,Macaca_radiata_ssp,Cercopithecidae,0.390534488685666
449,PD_0557,Macaca,Macaca_radiata_ssp,Cercopithecidae,0.2792707295138532
451,PD_0559,Macaca,Macaca_radiata_ssp,Cercopithecidae,0.3882568667329148
453,PD_0561,Macaca,Macaca_radiata_ssp,Cercopithecidae,0.2925991220856515
461,PD_0569,Macaca,Macaca_silenus_ssp,Cercopithecidae,0.4805090443042036
462,PD_0570,Macaca,Macaca_silenus_ssp,Cercopithecidae,0.45949815471786093
463,PD_0571,Macaca,Macaca_silenus_ssp,Cercopithecidae,0.44091984282658353
464,PD_0572,Macaca,Macaca_silenus_ssp,Cercopithecidae,0.8251683336040139
465,PD_0573,Macaca,Macaca_silenus_ssp,Cercopithecidae,0.42866139582112534
467,PD_0575,Macaca,Macaca_silenus_ssp,Cercopithecidae,0.3257600075135227
469,PD_0577,Macaca,Macaca_silenus_ssp,Cercopithecidae,0.234766963179968
471,PD_0579,Nycticebus,Nycticebus_bengalensis_ssp,Lorisidae,0.500133641893574
472,PD_0580,Nycticebus,Nycticebus_bengalensis_ssp,Lorisidae,0.42708109745556283
474,PD_0582,Semnopithecus,Semnopithecus_entellus_ssp,Cercopithecidae,0.5669262771715208
475,PD_0583,Semnopithecus,Semnopithecus_entellus_ssp,Cercopithecidae,0.5620437942022493
476,PD_0584,Semnopithecus,Semnopithecus_entellus_ssp,Cercopithecidae,0.5607445272929774
479,PD_0587,Semnopithecus,Semnopithecus_entellus_ssp,Cercopithecidae,0.3536123858030161
486,PD_0594,Semnopithecus,Semnopithecus_schistaceus_ssp,Cercopithecidae,0.34871994530166023
488,PD_0596,Trachypithecus,Trachypithecus_geei_ssp,Cercopithecidae,0.5107052628805613
494,PD_0603,Trachypithecus,Trachypithecus_pileatus_ssp,Cercopithecidae,0.5647767373083128
496,PD_0605,Cheirogaleus,Cheirogaleus_major_ssp,Cheirogaleidae,0.515962614615772
499,PD_0608,Mirza,Mirza_zaza_ssp,Cheirogaleidae,0.310490029458756
504,PD_0613,Eulemur,Eulemur_fulvus_ssp,Lemuridae,0.6359229878478169
509,PD_0618,Eulemur,Eulemur_sanfordi_ssp,Lemuridae,0.4027801241376504
510,PD_0619,Hapalemur,Hapalemur_griseus_ssp,Lemuridae,0.33965674863044404
522,PD_0693,Papio,Papio_ursinus_ssp,Cercopithecidae,0.40911295053698454
523,PD_0694,Papio,Papio_ursinus_ssp,Cercopithecidae,0.34279775829745196
524,PD_0695,Papio,Papio_ursinus_ssp,Cercopithecidae,0.42713278437696284
527,PD_0698,Papio,Papio_hamadryas_ssp,Cercopithecidae,0.4569486642509308
529,PD_0700,Papio,Papio_hamadryas_ssp,Cercopithecidae,0.49315019411783917
530,PD_0701,Papio,Papio_hamadryas_ssp,Cercopithecidae,0.4428252349387794
537,PD_0708,Papio,Papio_hamadryas_ssp,Cercopithecidae,0.4933569175185415
539,PD_0710,Papio,Papio_hamadryas_ssp,Cercopithecidae,0.45931756736265417
550,PD_0721,Papio,Papio_anubis_ssp,Cercopithecidae,0.40424223814333315
553,PD_0724,Papio,Papio_anubis_ssp,Cercopithecidae,0.41067704220206064
555,PD_0726,Papio,Papio_anubis_ssp,Cercopithecidae,0.40340453109433305
559,PD_0730,Papio,Papio_anubis_ssp,Cercopithecidae,0.4102095712377371
565,PD_0736,Papio,Papio_anubis_ssp,Cercopithecidae,0.3992700369615377
566,PD_0737,Papio,Papio_anubis_ssp,Cercopithecidae,0.29365018975188095
567,PD_0738,Papio,Papio_anubis_ssp,Cercopithecidae,0.4061424713323121
573,PD_0744,Papio,Papio_anubis_ssp,Cercopithecidae,0.3876651242703584
574,PD_0745,Papio,Papio_cynocephalus_ssp,Cercopithecidae,0.452760424673294
583,PD_0754,Papio,Papio_cynocephalus_ssp,Cercopithecidae,0.48007615658651764
589,PD_0760,Papio,Papio_kindae_ssp,Cercopithecidae,0.45361118799092737
594,PD_0765,Papio,Papio_cynocephalus_ssp,Cercopithecidae,0.39066367105139904
598,PD_0769,Papio,Papio_cynocephalus_ssp,Cercopithecidae,0.48220237290692214
599,PD_0770,Papio,Papio_cynocephalus_ssp,Cercopithecidae,0.46590986336338297
601,PD_0772,Papio,Papio_cynocephalus_ssp,Cercopithecidae,0.4580965407106487
602,PD_0773,Papio,Papio_cynocephalus_ssp,Cercopithecidae,0.5205967485171261
603,PD_0774,Papio,Papio_cynocephalus_ssp,Cercopithecidae,0.40243141701205615
610,PD_0781,Papio,Papio_kindae_ssp,Cercopithecidae,0.43339449307653777
617,PD_0788,Papio,Papio_kindae_ssp,Cercopithecidae,0.28593055573929743
618,PD_0789,Papio,Papio_kindae_ssp,Cercopithecidae,0.4299845568492302
619,PD_0790,Papio,Papio_kindae_ssp,Cercopithecidae,0.3832732482430654
620,PD_0791,Papio,Papio_kindae_ssp,Cercopithecidae,0.40839347893020445
621,PD_0792,Papio,Papio_kindae_ssp,Cercopithecidae,0.4555934557631154
628,PD_0800,Aotus,Aotus_azarai_ssp,Aotidae,0.5294761971884141
635,PD_0807,Aotus,Aotus_azarai_ssp,Aotidae,0.34086178048983895
636,PD_0808,Aotus,Aotus_azarai_ssp,Aotidae,0.4343037277648792
638,PD_0810,Aotus,Aotus_azarai_ssp,Aotidae,0.3311445408798071
639,PD_0811,Aotus,Aotus_azarai_ssp,Aotidae,0.4031827254266404
642,PD_0814,Aotus,Aotus_azarai_ssp,Aotidae,0.36381532405978495
646,PD_0841,Leontopithecus,Leontopithecus_chrysomelas_ssp,Callitrichidae,0.38373714290343064
647,PD_0842,Nycticebus,Nycticebus_bengalensis_ssp,Lorisidae,0.4713924136998915
649,PD_0845,Nycticebus,Nycticebus_bengalensis_ssp,Lorisidae,0.7797918146062922
650,PD_0846,Nycticebus,Nycticebus_bengalensis_ssp,Lorisidae,0.4838897927062055
652,SAMD00026330,Pan,Pan_troglodytes_ssp,Hominidae,0.6051021952695221
656,SAMD00589946,Macaca,Macaca_fuscata_ssp,Cercopithecidae,0.40215766358547544
658,SAMD00589948,Macaca,Macaca_fuscata_ssp,Cercopithecidae,0.44148274149861205
659,SAMD00589949,Macaca,Macaca_fuscata_ssp,Cercopithecidae,0.5473648800329534
660,SAMD00589950,Macaca,Macaca_fuscata_ssp,Cercopithecidae,0.3449899338929742
662,SAMD00589952,Macaca,Macaca_fuscata_ssp,Cercopithecidae,0.563794386620021
663,SAMD00589953,Macaca,Macaca_fuscata_ssp,Cercopithecidae,0.4743940193892494
665,SAMD00589955,Macaca,Macaca_fuscata_ssp,Cercopithecidae,0.3723780193686483
666,SAMD00589956,Macaca,Macaca_fuscata_ssp,Cercopithecidae,0.30518199465351586
667,SAMD00589957,Macaca,Macaca_fuscata_ssp,Cercopithecidae,0.19161538975821713
668,SAMD00589958,Macaca,Macaca_fuscata_ssp,Cercopithecidae,0.4974621981317837
669,SAMD00589959,Macaca,Macaca_fuscata_ssp,Cercopithecidae,0.5089258939851738
670,SAMD00589960,Macaca,Macaca_fuscata_ssp,Cercopithecidae,0.5336106208884379
671,SAMD00589961,Macaca,Macaca_fuscata_ssp,Cercopithecidae,0.49232479967325815
672,SAMD00589962,Macaca,Macaca_fuscata_ssp,Cercopithecidae,0.43955618458627205
673,SAMD00589963,Macaca,Macaca_fuscata_ssp,Cercopithecidae,0.4653301199747233
674,SAMD00589964,Macaca,Macaca_fuscata_ssp,Cercopithecidae,0.42270273307687123
675,SAMD00589965,Macaca,Macaca_fuscata_ssp,Cercopithecidae,0.46899028294902484
676,SAMD00589966,Macaca,Macaca_fuscata_ssp,Cercopithecidae,0.4838091922166187
677,SAMD00589967,Macaca,Macaca_fuscata_ssp,Cercopithecidae,0.4575567795027662
678,SAMD00589968,Macaca,Macaca_fuscata_ssp,Cercopithecidae,0.3827765171841572
679,SAMD00589969,Macaca,Macaca_fuscata_ssp,Cercopithecidae,0.5390692770672446
680,SAMD00589970,Macaca,Macaca_fuscata_ssp,Cercopithecidae,0.4005094982512707
681,SAMD00589971,Macaca,Macaca_fuscata_ssp,Cercopithecidae,0.1271312344751455
682,SAMD00589972,Macaca,Macaca_fuscata_ssp,Cercopithecidae,0.20483091813283133
684,SAMD00589974,Macaca,Macaca_fuscata_ssp,Cercopithecidae,0.5201235967279894
685,SAMD00589975,Macaca,Macaca_fuscata_ssp,Cercopithecidae,0.5655264727880224
686,SAMD00589976,Macaca,Macaca_fuscata_ssp,Cercopithecidae,0.5021435707635608
687,SAMD00589977,Macaca,Macaca_fuscata_ssp,Cercopithecidae,0.48628089979415073
688,SAMD00589978,Macaca,Macaca_fuscata_ssp,Cercopithecidae,0.5179957748614359
689,SAMD00589979,Macaca,Macaca_fuscata_ssp,Cercopithecidae,0.41217040729515886
690,SAMD00589980,Macaca,Macaca_fuscata_ssp,Cercopithecidae,0.4640354152027467
691,SAMD00589981,Macaca,Macaca_fuscata_ssp,Cercopithecidae,0.5619956054229575
692,SAMD00589982,Macaca,Macaca_fuscata_ssp,Cercopithecidae,0.5924085618823185
693,SAMD00589983,Macaca,Macaca_fuscata_ssp,Cercopithecidae,0.411425142087286
694,SAMD00589984,Macaca,Macaca_fuscata_ssp,Cercopithecidae,0.532450480375071
695,SAMD00589985,Macaca,Macaca_fuscata_ssp,Cercopithecidae,0.5592187436530303
697,SAMD00589987,Macaca,Macaca_fuscata_ssp,Cercopithecidae,0.4225778047129569
700,SAMD00589990,Macaca,Macaca_fuscata_ssp,Cercopithecidae,0.4868322955185755
701,SAMD00589991,Macaca,Macaca_fuscata_ssp,Cercopithecidae,0.49774169749503283
702,SAMD00589992,Macaca,Macaca_fuscata_ssp,Cercopithecidae,0.5494322150768727
703,SAMD00589993,Macaca,Macaca_fuscata_ssp,Cercopithecidae,0.5256721332576704
704,SAMD00589994,Macaca,Macaca_fuscata_ssp,Cercopithecidae,0.4816331006063373
706,SAMD00589996,Macaca,Macaca_fuscata_ssp,Cercopithecidae,0.5395968934442101
707,SAMD00589997,Macaca,Macaca_fuscata_ssp,Cercopithecidae,0.3628327142598556
709,SAMD00589999,Macaca,Macaca_fuscata_ssp,Cercopithecidae,0.543533800709808
717,SAMD00590007,Macaca,Macaca_fuscata_ssp,Cercopithecidae,0.32595865240990635
718,SAMD00590008,Macaca,Macaca_fuscata_ssp,Cercopithecidae,0.40640648467104745
719,SAMD00590009,Macaca,Macaca_fuscata_ssp,Cercopithecidae,0.3534513148099446
721,SAMEA104361528,Pongo,Pongo_abelii_ssp,Hominidae,0.6770750578573824
722,SAMEA104361529,Pongo,Pongo_abelii_ssp,Hominidae,0.6658805469295791
723,SAMEA104361530,Pongo,Pongo_abelii_ssp,Hominidae,0.6866711411307056
724,SAMEA104361531,Pongo,Pongo_abelii_ssp,Hominidae,0.6113743804815875
725,SAMEA104361532,Pongo,Pongo_abelii_ssp,Hominidae,0.6547126889093793
726,SAMEA104361533,Pongo,Pongo_pygmaeus_ssp,Hominidae,0.3490230241860807
728,SAMEA104361535,Pongo,Pongo_pygmaeus_ssp,Hominidae,0.25242967773863684
730,SAMEA104361537,Pongo,Pongo_pygmaeus_ssp,Hominidae,0.3463121679881073
733,SAMEA104361540,Pongo,Pongo_pygmaeus_ssp,Hominidae,0.2803887162263265
734,SAMEA104361541,Pongo,Pongo_pygmaeus_ssp,Hominidae,0.321960872431815
737,SAMEA115083507,Papio,Papio_anubis_ssp,Cercopithecidae,0.4051690560131974
740,SAMEA115083510,Papio,Papio_anubis_ssp,Cercopithecidae,0.36782839054048355
744,SAMEA115083514,Papio,Papio_anubis_ssp,Cercopithecidae,0.25403201701323286
745,SAMEA115083515,Papio,Papio_anubis_ssp,Cercopithecidae,0.3435190301564842
746,SAMEA115083516,Papio,Papio_anubis_ssp,Cercopithecidae,0.4190041635757936
748,SAMEA115083518,Papio,Papio_cynocephalus_ssp,Cercopithecidae,0.702042612501587
751,SAMEA115083521,Papio,Papio_anubis_ssp,Cercopithecidae,0.44172726472199986
752,SAMEA115083522,Papio,Papio_anubis_ssp,Cercopithecidae,0.4162315859735387
754,SAMEA115083524,Papio,Papio_anubis_ssp,Cercopithecidae,0.3786115830364471
756,SAMEA115083526,Papio,Papio_anubis_ssp,Cercopithecidae,0.4912859034835506
758,SAMEA115083528,Papio,Papio_anubis_ssp,Cercopithecidae,0.35629274833360847
760,SAMEA115083530,Papio,Papio_anubis_ssp,Cercopithecidae,0.29073708325316067
761,SAMEA115083531,Papio,Papio_anubis_ssp,Cercopithecidae,0.3996276503188195
762,SAMEA115083532,Papio,Papio_anubis_ssp,Cercopithecidae,0.38331433075176863
765,SAMEA115083535,Papio,Papio_cynocephalus_ssp,Cercopithecidae,0.5610472463551337
766,SAMEA115083536,Papio,Papio_cynocephalus_ssp,Cercopithecidae,0.4930019034769593
767,SAMEA115083537,Papio,Papio_anubis_ssp,Cercopithecidae,0.4004743246521964
768,SAMEA115083538,Papio,Papio_anubis_ssp,Cercopithecidae,0.40581180598669736
769,SAMEA115083539,Papio,Papio_anubis_ssp,Cercopithecidae,0.4867814790965224
770,SAMEA115083540,Papio,Papio_anubis_ssp,Cercopithecidae,0.445878774829377
771,SAMEA115083541,Papio,Papio_anubis_ssp,Cercopithecidae,0.43406378775147353
773,SAMEA115083543,Papio,Papio_anubis_ssp,Cercopithecidae,0.31897571692120585
775,SAMEA115083545,Papio,Papio_anubis_ssp,Cercopithecidae,0.4802856343412025
776,SAMEA115083546,Papio,Papio_anubis_ssp,Cercopithecidae,0.40327846521885174
778,SAMEA115083548,Papio,Papio_anubis_ssp,Cercopithecidae,0.4242697271623122
779,SAMEA115083549,Papio,Papio_anubis_ssp,Cercopithecidae,0.3374127504721713
790,SAMEA115412631,Cercopithecus,Cercopithecus_denti_ssp,Cercopithecidae,0.47868188365823283
791,SAMEA115412632,Cercopithecus,Cercopithecus_wolfi_ssp,Cercopithecidae,0.45194961867876543
796,SAMEA116330131,Avahi,Avahi_laniger_ssp,Indriidae,0.5773952458031066
799,SAMEA116330137,Eulemur,Eulemur_albifrons_ssp,Lemuridae,0.510115433457048
801,SAMEA116330142,Eulemur,Eulemur_collaris_ssp,Lemuridae,0.5757816328663853
815,SAMEA116330165,Eulemur,Eulemur_rufifrons_ssp,Lemuridae,0.48131947847392115
816,SAMEA116330166,Eulemur,Eulemur_rufifrons_ssp,Lemuridae,0.6541346196768458
817,SAMEA116330171,Hapalemur,Hapalemur_griseus_ssp,Lemuridae,0.3634096863406673
820,SAMEA116330177,Hapalemur,Hapalemur_griseus_ssp,Lemuridae,0.15622150917830888
824,SAMEA116330182,Lemur,Lemur_catta_ssp,Lemuridae,0.5914522875015933
825,SAMEA116330183,Lemur,Lemur_catta_ssp,Lemuridae,0.6036792965222357
826,SAMEA116330184,Lemur,Lemur_catta_ssp,Lemuridae,0.6037445222306601
828,SAMEA116330188,Lepilemur,Lepilemur_ankaranensis_ssp,Lepilemuridae,0.7179991290988744
829,SAMEA116330189,Lepilemur,Lepilemur_ankaranensis_ssp,Lepilemuridae,0.6779836214188772
830,SAMEA116330190,Lepilemur,Lepilemur_ankaranensis_ssp,Lepilemuridae,0.6653624035146987
831,SAMEA116330191,Lepilemur,Lepilemur_dorsalis_ssp,Lepilemuridae,0.4945547292275847
832,SAMEA116330192,Lepilemur,Lepilemur_mittermeieri_ssp,Lepilemuridae,0.45989138444273187
833,SAMEA116330193,Lepilemur,Lepilemur_ruficaudatus_ssp,Lepilemuridae,0.4849958854267773
834,SAMEA116330194,Lepilemur,Lepilemur_sahamalazensis_ssp,Lepilemuridae,0.7554935673253478
835,SAMEA116330195,Mirza,Mirza_zaza_ssp,Cheirogaleidae,0.5255029354082381
839,SAMEA116330211,Varecia,Varecia_variegata_ssp,Lemuridae,0.4481317878992552
844,SAMEA1692353,Gorilla,Gorilla_beringei_ssp,Hominidae,0.3048758976050139
846,SAMEA1692355,Gorilla,Gorilla_beringei_ssp,Hominidae,0.42364776505053287
847,SAMEA1713551,Pan,Pan_troglodytes_ssp,Hominidae,0.6378573442492453
848,SAMEA1713552,Pan,Pan_troglodytes_ssp,Hominidae,0.574273694261103
849,SAMEA1713553,Pan,Pan_troglodytes_ssp,Hominidae,0.59564555070036
850,SAMEA1713554,Pan,Pan_troglodytes_ssp,Hominidae,0.6207054705983475
851,SAMEA1713556,Pan,Pan_troglodytes_ssp,Hominidae,0.662064099665247
853,SAMEA2058381,Pongo,Pongo_abelii_ssp,Hominidae,0.6759847790412052
854,SAMEA2058382,Pongo,Pongo_abelii_ssp,Hominidae,0.6294518291088292
857,SAMEA2058385,Pongo,Pongo_abelii_ssp,Hominidae,0.5723348276973256
860,SAMEA2058388,Pan,Pan_troglodytes_ssp,Hominidae,0.6265809332682782
864,SAMEA2421541,Pan,Pan_troglodytes_ssp,Hominidae,0.6232534638782761
868,SAMEA2421545,Pan,Pan_troglodytes_ssp,Hominidae,0.6117607805189318
872,SAMEA2446071,Gorilla,Gorilla_gorilla_ssp,Hominidae,0.5908528024052386
873,SAMEA2446072,Gorilla,Gorilla_gorilla_ssp,Hominidae,0.5882434321575296
874,SAMEA2464840,Pan,Pan_troglodytes_ssp,Hominidae,0.6886469480906976
875,SAMEA2464841,Pan,Pan_troglodytes_ssp,Hominidae,0.6959958882840364
876,SAMEA2464842,Pan,Pan_troglodytes_ssp,Hominidae,0.6430113692392302
877,SAMEA2464843,Pan,Pan_troglodytes_ssp,Hominidae,0.6910169836539941
879,SAMEA2464845,Pan,Pan_troglodytes_ssp,Hominidae,0.6804248404999749
882,SAMEA2697037,Gorilla,Gorilla_beringei_ssp,Hominidae,0.33859910774099744
883,SAMEA2697038,Gorilla,Gorilla_beringei_ssp,Hominidae,0.3718423456142045
884,SAMEA2697039,Gorilla,Gorilla_beringei_ssp,Hominidae,0.05134160200476212
885,SAMEA2697040,Gorilla,Gorilla_beringei_ssp,Hominidae,0.34538989856957714
886,SAMEA2697041,Gorilla,Gorilla_beringei_ssp,Hominidae,0.3253862355473168
887,SAMEA2697042,Gorilla,Gorilla_beringei_ssp,Hominidae,0.4407332605512418
888,SAMEA3939556,Gorilla,Gorilla_beringei_ssp,Hominidae,0.3659491081523503
889,SAMEA3939557,Gorilla,Gorilla_beringei_ssp,Hominidae,0.32308616502152543
890,SAMEA3939558,Gorilla,Gorilla_beringei_ssp,Hominidae,0.4103524974904038
891,SAMEA3939560,Gorilla,Gorilla_beringei_ssp,Hominidae,0.3633427863959839
892,SAMEA3939561,Gorilla,Gorilla_beringei_ssp,Hominidae,0.44708948005088767
894,SAMEA4374763,Pan,Pan_troglodytes_ssp,Hominidae,0.7874845305797765
895,SAMEA4374764,Pan,Pan_troglodytes_ssp,Hominidae,0.6044299805873748
898,SAMEA4374767,Pan,Pan_troglodytes_ssp,Hominidae,0.6458488133758419
899,SAMEA4374768,Pan,Pan_troglodytes_ssp,Hominidae,0.6222347360483156
900,SAMEA4374769,Pan,Pan_troglodytes_ssp,Hominidae,0.6186942559539589
901,SAMEA4374770,Pan,Pan_troglodytes_ssp,Hominidae,0.7049966712768826
902,SAMEA4374771,Pan,Pan_troglodytes_ssp,Hominidae,0.6804276148752558
903,SAMEA4374772,Pan,Pan_troglodytes_ssp,Hominidae,0.6548027018865024
904,SAMEA4374773,Pan,Pan_troglodytes_ssp,Hominidae,0.6599672118792362
906,SAMEA4374775,Pan,Pan_troglodytes_ssp,Hominidae,0.685321011290863
907,SAMEA4374776,Pan,Pan_troglodytes_ssp,Hominidae,0.6887126123808872
908,SAMEA4374777,Pan,Pan_troglodytes_ssp,Hominidae,0.6960103972516767
909,SAMEA4374778,Pan,Pan_troglodytes_ssp,Hominidae,0.6430942204324064
910,SAMEA4374779,Pan,Pan_troglodytes_ssp,Hominidae,0.6910333085757444
911,SAMEA4374780,Pan,Pan_troglodytes_ssp,Hominidae,0.6804918140638256
916,SAMEA4374788,Pan,Pan_troglodytes_ssp,Hominidae,0.7352110468679385
917,SAMEA4374789,Pan,Pan_troglodytes_ssp,Hominidae,0.7119373309184985
919,SAMEA4374792,Pan,Pan_troglodytes_ssp,Hominidae,0.7392933398908077
920,SAMEA4374793,Pan,Pan_troglodytes_ssp,Hominidae,0.6673076525594243
921,SAMEA4374794,Pan,Pan_troglodytes_ssp,Hominidae,0.6637621853339923
922,SAMEA4374795,Pan,Pan_troglodytes_ssp,Hominidae,0.6817578210633504
923,SAMEA4374796,Pan,Pan_troglodytes_ssp,Hominidae,0.6778122649539232
927,SAMEA5039933,Colobus,Colobus_guereza_ssp,Cercopithecidae,0.5969571064249396
928,SAMEA5039935,Colobus,Colobus_guereza_ssp,Cercopithecidae,0.6021864032010928
929,SAMEA5039938,Colobus,Colobus_guereza_ssp,Cercopithecidae,0.5989730678157407
930,SAMEA5039942,Colobus,Colobus_guereza_ssp,Cercopithecidae,0.5981488306803472
931,SAMEA5039946,Colobus,Colobus_guereza_ssp,Cercopithecidae,0.5907072561684317
934,SAMEA5204228,Pan,Pan_troglodytes_ssp,Hominidae,0.6312548497647741
935,SAMEA5204229,Pan,Pan_troglodytes_ssp,Hominidae,0.5539406942266347
938,SAMEA5204232,Pongo,Pongo_abelii_ssp,Hominidae,0.5389613408626202
940,SAMEA5204234,Gorilla,Gorilla_gorilla_ssp,Hominidae,0.5687606551859267
942,SAMEA5204236,Gorilla,Gorilla_gorilla_ssp,Hominidae,0.5714388715408617
943,SAMEA5204237,Gorilla,Gorilla_gorilla_ssp,Hominidae,0.5854107492193517
944,SAMEA5204238,Gorilla,Gorilla_gorilla_ssp,Hominidae,0.5825231347045883
945,SAMEA5209164,Colobus,Colobus_guereza_ssp,Cercopithecidae,0.5916676208741719
958,SAMEA868692,Gorilla,Gorilla_gorilla_ssp,Hominidae,0.5837440122250716
959,SAMN00007164,Pongo,Pongo_pygmaeus_ssp,Hominidae,0.3589987557822074
963,SAMN00672664,Saimiri,Saimiri_boliviensis_ssp,Cebidae,0.28506385799211875
964,SAMN01162282,Chlorocebus,Chlorocebus_sabaeus_ssp,Cercopithecidae,0.38074682521845293
967,SAMN01920475,Gorilla,Gorilla_beringei_ssp,Hominidae,0.34864594422458023
968,SAMN01920476,Gorilla,Gorilla_gorilla_ssp,Hominidae,0.4917630132250612
969,SAMN01920477,Gorilla,Gorilla_gorilla_ssp,Hominidae,0.5961536745824811
970,SAMN01920478,Gorilla,Gorilla_gorilla_ssp,Hominidae,0.5949634769167477
972,SAMN01920480,Gorilla,Gorilla_gorilla_ssp,Hominidae,0.6087083025271984
973,SAMN01920481,Gorilla,Gorilla_gorilla_ssp,Hominidae,0.6085900733842154
975,SAMN01920483,Gorilla,Gorilla_gorilla_ssp,Hominidae,0.5801209870478972
976,SAMN01920484,Gorilla,Gorilla_gorilla_ssp,Hominidae,0.5485317101531896
977,SAMN01920485,Gorilla,Gorilla_gorilla_ssp,Hominidae,0.5492194719654581
978,SAMN01920486,Gorilla,Gorilla_gorilla_ssp,Hominidae,0.6396252960456799
979,SAMN01920487,Gorilla,Gorilla_gorilla_ssp,Hominidae,0.2878975352279198
980,SAMN01920488,Gorilla,Gorilla_gorilla_ssp,Hominidae,0.5659073014499647
981,SAMN01920489,Gorilla,Gorilla_gorilla_ssp,Hominidae,0.5537865672336679
984,SAMN01920492,Gorilla,Gorilla_gorilla_ssp,Hominidae,0.5103700278807529
985,SAMN01920493,Gorilla,Gorilla_gorilla_ssp,Hominidae,0.6062206309392901
986,SAMN01920494,Gorilla,Gorilla_gorilla_ssp,Hominidae,0.5672368124664492
987,SAMN01920495,Gorilla,Gorilla_gorilla_ssp,Hominidae,0.5736153454426843
988,SAMN01920496,Gorilla,Gorilla_gorilla_ssp,Hominidae,0.46881598317852163
989,SAMN01920497,Gorilla,Gorilla_gorilla_ssp,Hominidae,0.5290650364051147
990,SAMN01920498,Gorilla,Gorilla_gorilla_ssp,Hominidae,0.5901576672911291
991,SAMN01920499,Gorilla,Gorilla_gorilla_ssp,Hominidae,0.5565394750259137
992,SAMN01920500,Gorilla,Gorilla_gorilla_ssp,Hominidae,0.5527874955901968
993,SAMN01920501,Gorilla,Gorilla_gorilla_ssp,Hominidae,0.5334081303385183
994,SAMN01920502,Gorilla,Gorilla_gorilla_ssp,Hominidae,0.5446300427739891
995,SAMN01920503,Gorilla,Gorilla_gorilla_ssp,Hominidae,0.48458800838125266
996,SAMN01920504,Pan,Pan_paniscus_ssp,Hominidae,0.6470758954110792
997,SAMN01920505,Pan,Pan_paniscus_ssp,Hominidae,0.674765466177961
998,SAMN01920506,Pan,Pan_paniscus_ssp,Hominidae,0.6999913623521983
999,SAMN01920507,Pan,Pan_paniscus_ssp,Hominidae,0.6281011530117363
1000,SAMN01920508,Pan,Pan_paniscus_ssp,Hominidae,0.5838150081648648
1002,SAMN01920510,Pan,Pan_paniscus_ssp,Hominidae,0.6813620610727117
1003,SAMN01920511,Pan,Pan_paniscus_ssp,Hominidae,0.6828613211521188
1004,SAMN01920512,Pan,Pan_paniscus_ssp,Hominidae,0.5550051895491278
1006,SAMN01920514,Pan,Pan_paniscus_ssp,Hominidae,0.711433551899591
1007,SAMN01920515,Pan,Pan_paniscus_ssp,Hominidae,0.7206068613769298
1008,SAMN01920516,Pan,Pan_paniscus_ssp,Hominidae,0.6235349782166416
1010,SAMN01920518,Pan,Pan_troglodytes_ssp,Hominidae,0.6143498626979431
1013,SAMN01920521,Pan,Pan_troglodytes_ssp,Hominidae,0.6757867763482861
1014,SAMN01920522,Pan,Pan_troglodytes_ssp,Hominidae,0.6159340393949359
1016,SAMN01920524,Pan,Pan_troglodytes_ssp,Hominidae,0.662707381036349
1017,SAMN01920525,Pan,Pan_troglodytes_ssp,Hominidae,0.6529961556347292
1018,SAMN01920526,Pan,Pan_troglodytes_ssp,Hominidae,0.7000403104789369
1020,SAMN01920528,Pan,Pan_troglodytes_ssp,Hominidae,0.634741696237891
1021,SAMN01920529,Pan,Pan_troglodytes_ssp,Hominidae,0.7328713375687046
1023,SAMN01920531,Pan,Pan_troglodytes_ssp,Hominidae,0.7041441251303237
1024,SAMN01920532,Pan,Pan_troglodytes_ssp,Hominidae,0.7065766085810818
1026,SAMN01920534,Pan,Pan_troglodytes_ssp,Hominidae,0.7079557586675713
1027,SAMN01920535,Pan,Pan_troglodytes_ssp,Hominidae,0.6661927354022231
1028,SAMN01920536,Pan,Pan_troglodytes_ssp,Hominidae,0.6984273178403543
1030,SAMN01920538,Pan,Pan_troglodytes_ssp,Hominidae,0.6491514323185524
1034,SAMN01920542,Pongo,Pongo_abelii_ssp,Hominidae,0.6174582758936636
1035,SAMN01920543,Pongo,Pongo_abelii_ssp,Hominidae,0.6507566811356839
1036,SAMN01920544,Pongo,Pongo_abelii_ssp,Hominidae,0.6677086295735399
1037,SAMN01920545,Pongo,Pongo_abelii_ssp,Hominidae,0.6363503951010722
1039,SAMN01920547,Pongo,Pongo_pygmaeus_ssp,Hominidae,0.3934228649425973
1040,SAMN01920548,Pongo,Pongo_pygmaeus_ssp,Hominidae,0.36271435431493093
1041,SAMN01920549,Pongo,Pongo_pygmaeus_ssp,Hominidae,0.34328721829200337
1042,SAMN01920550,Pongo,Pongo_pygmaeus_ssp,Hominidae,0.32544007349420173
1044,SAMN02199293,Papio,Papio_anubis_ssp,Cercopithecidae,0.43555245181656566
1047,SAMN02388245,Symphalangus,Symphalangus_syndactylus_ssp,Hylobatidae,0.7571143531810902
1048,SAMN02390221,Macaca,Macaca_thibetana_ssp,Cercopithecidae,0.30973768724079476
1054,SAMN02744549,Callithrix,Callithrix_jacchus_ssp,Callitrichidae,0.35382771564220855
1058,SAMN02744553,Callithrix,Callithrix_jacchus_ssp,Callitrichidae,0.3354747362457601
1059,SAMN02744554,Callithrix,Callithrix_jacchus_ssp,Callitrichidae,0.41162198240022374
1061,SAMN02744556,Callithrix,Callithrix_jacchus_ssp,Callitrichidae,0.24897005408247025
1063,SAMN02786332,Rhinopithecus,Rhinopithecus_bieti_ssp,Cercopithecidae,0.5514458613686474
1064,SAMN02786335,Rhinopithecus,Rhinopithecus_bieti_ssp,Cercopithecidae,0.47152095748001693
1067,SAMN02786340,Rhinopithecus,Rhinopithecus_bieti_ssp,Cercopithecidae,0.5805417764089102
1072,SAMN02786345,Rhinopithecus,Rhinopithecus_bieti_ssp,Cercopithecidae,0.4624834704381087
1073,SAMN02850871,Nomascus,Nomascus_leucogenys_ssp,Hylobatidae,0.6570809440596141
1076,SAMN02850874,Hylobates,Hylobates_moloch_ssp,Hylobatidae,0.6654759097821864
1079,SAMN02866411,Papio,Papio_anubis_ssp,Cercopithecidae,0.43938913594403955
1080,SAMN02866412,Papio,Papio_ursinus_ssp,Cercopithecidae,0.4577954001179316
1081,SAMN02866413,Papio,Papio_ursinus_ssp,Cercopithecidae,0.2908523084081837
1082,SAMN02866414,Papio,Papio_cynocephalus_ssp,Cercopithecidae,0.44905611670317563
1083,SAMN02866415,Papio,Papio_cynocephalus_ssp,Cercopithecidae,0.5307122378000672
1085,SAMN02900024,Microcebus,Microcebus_murinus_ssp,Cheirogaleidae,0.17073496709481564
1089,SAMN02900031,Microcebus,Microcebus_murinus_ssp,Cheirogaleidae,0.42424994236852703
1091,SAMN02900033,Microcebus,Microcebus_murinus_ssp,Cheirogaleidae,0.15819393156917297
1092,SAMN02900445,Cercocebus,Cercocebus_atys_ssp,Cercopithecidae,0.4764268673575146
1093,SAMN02900446,Cercocebus,Cercocebus_atys_ssp,Cercopithecidae,0.4441263022339962
1094,SAMN02900447,Cercocebus,Cercocebus_atys_ssp,Cercopithecidae,0.4426574552024056
1097,SAMN02900450,Cercocebus,Cercocebus_atys_ssp,Cercopithecidae,0.4909742834933952
1099,SAMN02900452,Cercocebus,Cercocebus_atys_ssp,Cercopithecidae,0.12921787607921578
1100,SAMN02900453,Cercocebus,Cercocebus_atys_ssp,Cercopithecidae,0.48740027832797694
1102,SAMN02922335,Macaca,Macaca_nemestrina_ssp,Cercopithecidae,0.5643774795725384
1103,SAMN02922336,Macaca,Macaca_nemestrina_ssp,Cercopithecidae,0.5407266078176783
1104,SAMN02922337,Macaca,Macaca_nemestrina_ssp,Cercopithecidae,0.566553615078049
1105,SAMN02922338,Macaca,Macaca_nemestrina_ssp,Cercopithecidae,0.5847624368020072
1106,SAMN02922339,Macaca,Macaca_nemestrina_ssp,Cercopithecidae,0.5801780268661073
1107,SAMN02922340,Macaca,Macaca_nemestrina_ssp,Cercopithecidae,0.5836407018139976
1108,SAMN03010324,Propithecus,Propithecus_coquereli_ssp,Indriidae,0.437994909177339
1110,SAMN03010326,Propithecus,Propithecus_coquereli_ssp,Indriidae,0.5345343879461352
1113,SAMN03010329,Propithecus,Propithecus_coquereli_ssp,Indriidae,0.5366467810339949
1116,SAMN03010332,Propithecus,Propithecus_diadema_ssp,Indriidae,0.4806034465786987
1118,SAMN03072185,Papio,Papio_kindae_ssp,Cercopithecidae,0.39384109413260815
1120,SAMN03072807,Papio,Papio_kindae_ssp,Cercopithecidae,0.39504946056897905
1122,SAMN03073708,Papio,Papio_anubis_ssp,Cercopithecidae,0.28974685290110763
1123,SAMN03073709,Papio,Papio_hamadryas_ssp,Cercopithecidae,0.464810453904987
1125,SAMN03073711,Papio,Papio_papio_ssp,Cercopithecidae,0.5500381054243396
1126,SAMN03076573,Rhinopithecus,Rhinopithecus_roxellana_ssp,Cercopithecidae,0.4692065275352564
1128,SAMN03076575,Rhinopithecus,Rhinopithecus_strykeri_ssp,Cercopithecidae,0.4994947308172231
1129,SAMN03076576,Rhinopithecus,Rhinopithecus_avunculus_ssp,Cercopithecidae,0.5396999551633841
1130,SAMN03121017,Cercocebus,Cercocebus_atys_ssp,Cercopithecidae,0.4392736875066821
1131,SAMN03121813,Mandrillus,Mandrillus_leucophaeus_ssp,Cercopithecidae,0.29881862646409074
1132,SAMN03121823,Propithecus,Propithecus_coquereli_ssp,Indriidae,0.5485470560425234
1133,SAMN03121842,Macaca,Macaca_nemestrina_ssp,Cercopithecidae,0.25599120302851036
1134,SAMN03121886,Aotus,Aotus_nancymaae_ssp,Aotidae,0.5886261795561962
1135,SAMN03121888,Microcebus,Microcebus_murinus_ssp,Cheirogaleidae,0.39990654620017047
1136,SAMN03199810,Cercocebus,Cercocebus_atys_ssp,Cercopithecidae,0.4435647884266152
1137,SAMN03199811,Cercocebus,Cercocebus_atys_ssp,Cercopithecidae,0.4475310180212064
1138,SAMN03274867,Rhinopithecus,Rhinopithecus_bieti_ssp,Cercopithecidae,0.5092812647694849
1139,SAMN03274868,Rhinopithecus,Rhinopithecus_bieti_ssp,Cercopithecidae,0.5161833401352511
1142,SAMN03274874,Rhinopithecus,Rhinopithecus_bieti_ssp,Cercopithecidae,0.5207747202208626
1144,SAMN03274877,Rhinopithecus,Rhinopithecus_brelichi_ssp,Cercopithecidae,0.500438398840665
1145,SAMN03274878,Rhinopithecus,Rhinopithecus_roxellana_ssp,Cercopithecidae,0.46235414885173964
1147,SAMN03274882,Rhinopithecus,Rhinopithecus_roxellana_ssp,Cercopithecidae,0.4083618096578962
1148,SAMN03274884,Rhinopithecus,Rhinopithecus_roxellana_ssp,Cercopithecidae,0.4978413205297033
1149,SAMN03274885,Rhinopithecus,Rhinopithecus_roxellana_ssp,Cercopithecidae,0.5841345219443899
1150,SAMN03274886,Rhinopithecus,Rhinopithecus_roxellana_ssp,Cercopithecidae,0.38275803118560425
1151,SAMN03274889,Rhinopithecus,Rhinopithecus_roxellana_ssp,Cercopithecidae,0.5103183344729374
1152,SAMN03274895,Rhinopithecus,Rhinopithecus_roxellana_ssp,Cercopithecidae,0.4491165555204985
1154,SAMN03274897,Rhinopithecus,Rhinopithecus_roxellana_ssp,Cercopithecidae,0.41323861198803435
1159,SAMN03274902,Rhinopithecus,Rhinopithecus_roxellana_ssp,Cercopithecidae,0.565169707576664
1161,SAMN03274904,Rhinopithecus,Rhinopithecus_strykeri_ssp,Cercopithecidae,0.5367252853040733
1164,SAMN03275524,Callithrix,Callithrix_jacchus_ssp,Callitrichidae,0.37594481498024984
1166,SAMN03275526,Callithrix,Callithrix_jacchus_ssp,Callitrichidae,0.2640979504390035
1172,SAMN03651901,Rhinopithecus,Rhinopithecus_roxellana_ssp,Cercopithecidae,0.47102364411818004
1173,SAMN03651902,Rhinopithecus,Rhinopithecus_roxellana_ssp,Cercopithecidae,0.27952433312285274
1175,SAMN03651904,Rhinopithecus,Rhinopithecus_roxellana_ssp,Cercopithecidae,0.6323105523024541
1177,SAMN03651907,Rhinopithecus,Rhinopithecus_roxellana_ssp,Cercopithecidae,0.4820164448122168
1179,SAMN03651909,Rhinopithecus,Rhinopithecus_roxellana_ssp,Cercopithecidae,0.5476273601674053
1180,SAMN03651910,Rhinopithecus,Rhinopithecus_roxellana_ssp,Cercopithecidae,0.2740403484206637
1181,SAMN03651911,Rhinopithecus,Rhinopithecus_roxellana_ssp,Cercopithecidae,0.3033866105213515
1182,SAMN03651912,Rhinopithecus,Rhinopithecus_roxellana_ssp,Cercopithecidae,0.3375376722785102
1185,SAMN03651915,Rhinopithecus,Rhinopithecus_roxellana_ssp,Cercopithecidae,0.3867185727812185
1187,SAMN03651919,Rhinopithecus,Rhinopithecus_roxellana_ssp,Cercopithecidae,0.4675460643639585
1188,SAMN03651920,Rhinopithecus,Rhinopithecus_roxellana_ssp,Cercopithecidae,0.3481314937686441
1190,SAMN03651922,Rhinopithecus,Rhinopithecus_roxellana_ssp,Cercopithecidae,0.41778573533656
1195,SAMN04274558,Cebus,Cebus_imitator_ssp,Cebidae,0.24472892310085698
1197,SAMN04316319,Macaca,Macaca_arctoides_ssp,Cercopithecidae,0.3154951006951508
1198,SAMN04316320,Macaca,Macaca_arctoides_ssp,Cercopithecidae,0.3123297644683161
1202,SAMN04625776,Propithecus,Propithecus_diadema_ssp,Indriidae,0.46276280913608586
1203,SAMN05583905,Microcebus,Microcebus_murinus_ssp,Cheirogaleidae,0.421520684405214
1204,SAMN05583906,Microcebus,Microcebus_murinus_ssp,Cheirogaleidae,0.27367489056717276
1206,SAMN05853042,Prolemur,Prolemur_simus_ssp,Lemuridae,0.7051580213003056
1210,SAMN06275555,Pongo,Pongo_abelii_ssp,Hominidae,0.5997630922700986
1213,SAMN07503430,Macaca,Macaca_nigra_ssp,Cercopithecidae,0.4948612996170415
1214,SAMN07508135,Macaca,Macaca_brunnescens_ssp,Cercopithecidae,0.5895236696566013
1215,SAMN07508136,Macaca,Macaca_hecki_ssp,Cercopithecidae,0.5056538497021076
1216,SAMN07508137,Macaca,Macaca_hecki_ssp,Cercopithecidae,0.4943971671087934
1217,SAMN07508138,Macaca,Macaca_hecki_ssp,Cercopithecidae,0.4433783627777663
1218,SAMN07508142,Macaca,Macaca_maura_ssp,Cercopithecidae,0.5147060800850635
1219,SAMN07508143,Macaca,Macaca_maura_ssp,Cercopithecidae,0.5709842787510704
1223,SAMN07508148,Macaca,Macaca_nemestrina_ssp,Cercopithecidae,0.5417351290404215
1224,SAMN07508151,Macaca,Macaca_nemestrina_ssp,Cercopithecidae,0.5883663702363614
1227,SAMN07508155,Macaca,Macaca_nigra_ssp,Cercopithecidae,0.5289102748269275
1230,SAMN07508162,Macaca,Macaca_tonkeana_ssp,Cercopithecidae,0.5215410877703796
1231,SAMN07678036,Alouatta,Alouatta_palliata_ssp,Atelidae,0.6791694100991625
1232,SAMN07678064,Ateles,Ateles_geoffroyi_ssp,Atelidae,0.49957272496030924
1235,SAMN07678072,Cheirogaleus,Cheirogaleus_medius_ssp,Cheirogaleidae,0.42258256053283566
1237,SAMN07678095,Mirza,Mirza_coquereli_ssp,Cheirogaleidae,0.3485235440845313
1238,SAMN07678099,Nasalis,Nasalis_larvatus_ssp,Cercopithecidae,0.4421730918900896
1241,SAMN07678108,Pygathrix,Pygathrix_nemaeus_ssp,Cercopithecidae,0.45558962902901556
1244,SAMN07678140,Plecturocebus,Plecturocebus_donacophilus_ssp,Pitheciidae,0.45588463244608507
1245,SAMN07763310,Chlorocebus,Chlorocebus_pygerythrus_ssp,Cercopithecidae,0.6229925326802489
1247,SAMN08793326,Lepilemur,Lepilemur_mustelinus_ssp,Lepilemuridae,0.6494090353537577
1248,SAMN08793327,Eulemur,Eulemur_rufifrons_ssp,Lemuridae,0.41550717053496317
1251,SAMN08848262,Rhinopithecus,Rhinopithecus_roxellana_ssp,Cercopithecidae,0.4593682572083063
1253,SAMN08978223,Aotus,Aotus_nancymaae_ssp,Aotidae,0.5878807635819937
1255,SAMN08978225,Aotus,Aotus_nancymaae_ssp,Aotidae,0.38038380272071654
1259,SAMN08978229,Aotus,Aotus_nancymaae_ssp,Aotidae,0.6305639105469529
1262,SAMN08978232,Aotus,Aotus_nancymaae_ssp,Aotidae,0.5708882379388741
1263,SAMN08978233,Aotus,Aotus_nancymaae_ssp,Aotidae,0.612909838672752
1265,SAMN08978235,Aotus,Aotus_nancymaae_ssp,Aotidae,0.6337791259612735
1266,SAMN08978236,Aotus,Aotus_nancymaae_ssp,Aotidae,0.5818817216350625
1271,SAMN08978241,Aotus,Aotus_nancymaae_ssp,Aotidae,0.608720260117724
1273,SAMN08978243,Aotus,Aotus_nancymaae_ssp,Aotidae,0.4738948392998712
1275,SAMN08978245,Aotus,Aotus_nancymaae_ssp,Aotidae,0.5840437388742341
1277,SAMN08978247,Aotus,Aotus_nancymaae_ssp,Aotidae,0.5990893398769644
1278,SAMN08978248,Aotus,Aotus_nancymaae_ssp,Aotidae,0.6412145108063502
1280,SAMN08978250,Aotus,Aotus_nancymaae_ssp,Aotidae,0.6082376716441492
1282,SAMN08978252,Aotus,Aotus_nancymaae_ssp,Aotidae,0.583894317692263
1283,SAMN09197221,Theropithecus,Theropithecus_gelada_ssp,Cercopithecidae,0.42293947781805263
1285,SAMN09702723,Daubentonia,Daubentonia_madagascariensis_ssp,Daubentoniidae,0.6468789368024661
1287,SAMN09702725,Microcebus,Microcebus_murinus_ssp,Cheirogaleidae,0.38294896693693303
1291,SAMN09702729,Prolemur,Prolemur_simus_ssp,Lemuridae,0.7259512758784551
1293,SAMN09702731,Nycticebus,Nycticebus_coucang_ssp,Lorisidae,0.519696334488035
1299,SAMN09935349,Trachypithecus,Trachypithecus_francoisi_ssp,Cercopithecidae,0.6126039619931319
1301,SAMN09935370,Trachypithecus,Trachypithecus_francoisi_ssp,Cercopithecidae,0.6007510066686387
1302,SAMN09935372,Trachypithecus,Trachypithecus_francoisi_ssp,Cercopithecidae,0.6313511758460012
1303,SAMN09935374,Trachypithecus,Trachypithecus_francoisi_ssp,Cercopithecidae,0.4175594218166004
1304,SAMN09935375,Trachypithecus,Trachypithecus_francoisi_ssp,Cercopithecidae,0.27984819236339026
1305,SAMN09935376,Trachypithecus,Trachypithecus_poliocephalus_ssp,Cercopithecidae,0.508065223502098
1311,SAMN09935388,Trachypithecus,Trachypithecus_poliocephalus_ssp,Cercopithecidae,0.36611931848901147
1313,SAMN09935393,Trachypithecus,Trachypithecus_poliocephalus_ssp,Cercopithecidae,0.3188061289176814
1314,SAMN09935394,Trachypithecus,Trachypithecus_francoisi_ssp,Cercopithecidae,0.28414592284545126
1317,SAMN10499711,Macaca,Macaca_nemestrina_ssp,Cercopithecidae,0.5838211238456894
1318,SAMN10499712,Macaca,Macaca_nemestrina_ssp,Cercopithecidae,0.5891635513334704
1320,SAMN10499714,Macaca,Macaca_nemestrina_ssp,Cercopithecidae,0.596864629354749
1321,SAMN10499715,Macaca,Macaca_nemestrina_ssp,Cercopithecidae,0.5886530104041984
1322,SAMN10499716,Macaca,Macaca_nemestrina_ssp,Cercopithecidae,0.5935647263116773
1323,SAMN10499717,Macaca,Macaca_nemestrina_ssp,Cercopithecidae,0.5794601170783912
1324,SAMN10499718,Macaca,Macaca_nemestrina_ssp,Cercopithecidae,0.5566249719526328
1325,SAMN10499719,Macaca,Macaca_nemestrina_ssp,Cercopithecidae,0.561815695832097
1326,SAMN10499720,Macaca,Macaca_nemestrina_ssp,Cercopithecidae,0.5671018849860525
1330,SAMN10707780,Microcebus,Microcebus_griseorufus_ssp,Cheirogaleidae,0.4329255284920398
1331,SAMN10707781,Microcebus,Microcebus_mittermeieri_ssp,Cheirogaleidae,0.45352271437544556
1332,SAMN10707783,Microcebus,Microcebus_jonahi_ssp,Cheirogaleidae,0.48036140088298174
1333,SAMN10707784,Microcebus,Microcebus_tavaratra_ssp,Cheirogaleidae,0.48023623149487793
1334,SAMN10707785,Mirza,Mirza_zaza_ssp,Cheirogaleidae,0.46310786051006897
1336,SAMN11123633,Pan,Pan_paniscus_ssp,Hominidae,0.7376357659554293
1340,SAMN11334320,Cheirogaleus,Cheirogaleus_sibreei_ssp,Cheirogaleidae,0.3444775247845449
1341,SAMN11334321,Cheirogaleus,Cheirogaleus_medius_ssp,Cheirogaleidae,0.41000194327016337
1342,SAMN12512033,Macaca,Macaca_cyclopis_ssp,Cercopithecidae,0.4123032524745198
1347,SAMN12637771,Microcebus,Microcebus_murinus_ssp,Cheirogaleidae,0.3576225078234643
1348,SAMN12637772,Microcebus,Microcebus_murinus_ssp,Cheirogaleidae,0.37212742507580715
1349,SAMN12637773,Microcebus,Microcebus_murinus_ssp,Cheirogaleidae,0.2807612542427898
1350,SAMN12637774,Microcebus,Microcebus_murinus_ssp,Cheirogaleidae,0.34603450305764727
1358,SAMN12714420,Gorilla,Gorilla_gorilla_ssp,Hominidae,0.581712045441596
1360,SAMN12714422,Pongo,Pongo_pygmaeus_ssp,Hominidae,0.31366743658158097
1365,SAMN13555781,Cercopithecus,Cercopithecus_mona_ssp,Cercopithecidae,0.5564524796092896
1366,SAMN13555782,Cercopithecus,Cercopithecus_mona_ssp,Cercopithecidae,0.5885570267431224
1369,SAMN13555785,Cercopithecus,Cercopithecus_mona_ssp,Cercopithecidae,0.5278292199763173
1372,SAMN13555788,Cercopithecus,Cercopithecus_mona_ssp,Cercopithecidae,0.5520079801405522
1373,SAMN13555789,Cercopithecus,Cercopithecus_mona_ssp,Cercopithecidae,0.5339641626429228
1374,SAMN13555790,Cercopithecus,Cercopithecus_mona_ssp,Cercopithecidae,0.5719636421270985
1377,SAMN13555793,Cercopithecus,Cercopithecus_mona_ssp,Cercopithecidae,0.5518036645529892
1382,SAMN14521207,Macaca,Macaca_arctoides_ssp,Cercopithecidae,0.16556223700613806
1383,SAMN14521608,Macaca,Macaca_assamensis_ssp,Cercopithecidae,0.5267368253405209
1384,SAMN14909740,Microcebus,Microcebus_arnholdi_ssp,Cheirogaleidae,0.4783120897007756
1385,SAMN14909741,Microcebus,Microcebus_arnholdi_ssp,Cheirogaleidae,0.4405119377568872
1388,SAMN15033212,Pan,Pan_troglodytes_ssp,Hominidae,0.6329458274510239
1390,SAMN15033214,Pan,Pan_troglodytes_ssp,Hominidae,0.6115242254369495
1391,SAMN15033215,Pan,Pan_troglodytes_ssp,Hominidae,0.635326833885738
1392,SAMN15033216,Pan,Pan_troglodytes_ssp,Hominidae,0.7024003312385569
1393,SAMN15033217,Pan,Pan_troglodytes_ssp,Hominidae,0.6082670881770185
1396,SAMN15033220,Pan,Pan_troglodytes_ssp,Hominidae,0.6138890020144231
1400,SAMN15033224,Pan,Pan_troglodytes_ssp,Hominidae,0.7843275814480404
1401,SAMN15033225,Pan,Pan_troglodytes_ssp,Hominidae,0.6404008864097541
1402,SAMN15033226,Pan,Pan_troglodytes_ssp,Hominidae,0.9426036276662235
1404,SAMN15033228,Pan,Pan_troglodytes_ssp,Hominidae,0.7532375228741924
1405,SAMN15033229,Pan,Pan_troglodytes_ssp,Hominidae,0.9131463015394959
1406,SAMN15033230,Pan,Pan_troglodytes_ssp,Hominidae,0.6343397128459438
1407,SAMN15033231,Pan,Pan_troglodytes_ssp,Hominidae,0.6655877651800759
1408,SAMN15033232,Pan,Pan_troglodytes_ssp,Hominidae,0.6906751011456895
1409,SAMN15033233,Pan,Pan_troglodytes_ssp,Hominidae,0.6322091813355823
1410,SAMN15033234,Pan,Pan_troglodytes_ssp,Hominidae,0.6149842704061597
1411,SAMN15033235,Pan,Pan_troglodytes_ssp,Hominidae,0.6460875801982763
1414,SAMN15033238,Pan,Pan_troglodytes_ssp,Hominidae,0.581687091700042
1415,SAMN15033239,Pan,Pan_troglodytes_ssp,Hominidae,1.0012227774766909
1418,SAMN15033242,Pan,Pan_troglodytes_ssp,Hominidae,0.6404357874618669
1420,SAMN15033244,Pan,Pan_troglodytes_ssp,Hominidae,0.6107403028852232
1421,SAMN15033245,Pan,Pan_troglodytes_ssp,Hominidae,0.6343140305698279
1423,SAMN15033247,Pan,Pan_troglodytes_ssp,Hominidae,0.659978580174565
1425,SAMN15061835,Macaca,Macaca_sylvanus_ssp,Cercopithecidae,0.5514991312433353
1426,SAMN15061836,Macaca,Macaca_cyclopis_ssp,Cercopithecidae,0.405555343180557
1427,SAMN15061837,Macaca,Macaca_fuscata_ssp,Cercopithecidae,0.5912427915144416
1428,SAMN15061838,Macaca,Macaca_silenus_ssp,Cercopithecidae,0.48101643741358874
1430,SAMN15194902,Macaca,Macaca_arctoides_ssp,Cercopithecidae,0.28961799697327395
1431,SAMN15194903,Macaca,Macaca_thibetana_ssp,Cercopithecidae,0.22067972180637527
1432,SAMN15194904,Macaca,Macaca_thibetana_ssp,Cercopithecidae,0.34193255747685314
1433,SAMN15237929,Microcebus,Microcebus_ravelobensis_ssp,Cheirogaleidae,0.5596319738723112
1434,SAMN15237931,Microcebus,Microcebus_murinus_ssp,Cheirogaleidae,0.5119957632052765
1435,SAMN15246264,Microcebus,Microcebus_ravelobensis_ssp,Cheirogaleidae,0.5049090961488466
1436,SAMN15801446,Allenopithecus,Allenopithecus_nigroviridis_ssp,Cercopithecidae,0.5246462895380726
1437,SAMN16949012,Pygathrix,Pygathrix_nemaeus_ssp,Cercopithecidae,0.48197123316951396
1439,SAMN16949014,Rhinopithecus,Rhinopithecus_bieti_ssp,Cercopithecidae,0.6673360450999231
1440,SAMN16949015,Rhinopithecus,Rhinopithecus_bieti_ssp,Cercopithecidae,0.5463841283830863
1441,SAMN16949016,Rhinopithecus,Rhinopithecus_bieti_ssp,Cercopithecidae,0.5926117989858394
1442,SAMN16949017,Rhinopithecus,Rhinopithecus_bieti_ssp,Cercopithecidae,0.48144120103002
1447,SAMN18570967,Macaca,Macaca_hecki_ssp,Cercopithecidae,0.48828390250792375
1448,SAMN18570968,Macaca,Macaca_hecki_ssp,Cercopithecidae,0.5245772994457737
1449,SAMN18571119,Macaca,Macaca_tonkeana_ssp,Cercopithecidae,0.6730147354844909
1450,SAMN18571130,Macaca,Macaca_tonkeana_ssp,Cercopithecidae,0.4687806176071766
1451,SAMN18571131,Macaca,Macaca_tonkeana_ssp,Cercopithecidae,0.5570585247351916
1452,SAMN18571132,Macaca,Macaca_tonkeana_ssp,Cercopithecidae,0.514515732983797
1453,SAMN18571133,Macaca,Macaca_tonkeana_ssp,Cercopithecidae,0.586581247848326
1454,SAMN19736174,Macaca,Macaca_cyclopis_ssp,Cercopithecidae,0.4056100881344956
1457,SAMN19736177,Macaca,Macaca_assamensis_ssp,Cercopithecidae,0.444975661371347
1458,SAMN19736178,Macaca,Macaca_leucogenys_ssp,Cercopithecidae,0.5352456158806047
1462,SAMN19736182,Macaca,Macaca_sinica_ssp,Cercopithecidae,0.42784608982323113
1465,SAMN19736186,Macaca,Macaca_maura_ssp,Cercopithecidae,0.16763847982223895
1466,SAMN19736187,Macaca,Macaca_tonkeana_ssp,Cercopithecidae,0.7091442622380603
1467,SAMN19736188,Macaca,Macaca_nigra_ssp,Cercopithecidae,0.550348629393691
1468,SAMN19736189,Macaca,Macaca_sylvanus_ssp,Cercopithecidae,0.5926993923822479
1473,SAMN20814900,Papio,Papio_cynocephalus_ssp,Cercopithecidae,0.5409684109285856
1476,SAMN20814903,Papio,Papio_cynocephalus_ssp,Cercopithecidae,0.4588192281890743
1478,SAMN20814905,Papio,Papio_cynocephalus_ssp,Cercopithecidae,0.5007210644218656
1482,SAMN20815227,Papio,Papio_cynocephalus_ssp,Cercopithecidae,0.4208937185350108
1483,SAMN20815322,Papio,Papio_cynocephalus_ssp,Cercopithecidae,0.44326159837357343
1484,SAMN20815323,Papio,Papio_cynocephalus_ssp,Cercopithecidae,0.46406022559261983
1486,SAMN20815325,Papio,Papio_cynocephalus_ssp,Cercopithecidae,0.36120550667752876
1489,SAMN20949829,Papio,Papio_hamadryas_ssp,Cercopithecidae,0.4421879481290416
1490,SAMN20949830,Papio,Papio_hamadryas_ssp,Cercopithecidae,0.4556649383696346
1491,SAMN20949834,Papio,Papio_hamadryas_ssp,Cercopithecidae,0.48915259856159005
1494,SAMN20949850,Theropithecus,Theropithecus_gelada_ssp,Cercopithecidae,0.35097350880365435
1495,SAMN20949856,Theropithecus,Theropithecus_gelada_ssp,Cercopithecidae,0.3609218982756219
1496,SAMN20949860,Theropithecus,Theropithecus_gelada_ssp,Cercopithecidae,0.38524432324717767
1497,SAMN20949861,Theropithecus,Theropithecus_gelada_ssp,Cercopithecidae,0.628120957681582
1501,SAMN20949866,Theropithecus,Theropithecus_gelada_ssp,Cercopithecidae,0.4165430609440067
1502,SAMN20949867,Theropithecus,Theropithecus_gelada_ssp,Cercopithecidae,0.46283648720212905
1507,SAMN20949874,Theropithecus,Theropithecus_gelada_ssp,Cercopithecidae,0.4292465948004676
1508,SAMN20949876,Theropithecus,Theropithecus_gelada_ssp,Cercopithecidae,0.4561028637029583
1510,SAMN20949879,Theropithecus,Theropithecus_gelada_ssp,Cercopithecidae,0.43334000920939636
1514,SAMN20949883,Theropithecus,Theropithecus_gelada_ssp,Cercopithecidae,0.42417359465333326
1516,SAMN20949886,Theropithecus,Theropithecus_gelada_ssp,Cercopithecidae,0.41180744603966707
1517,SAMN20949887,Theropithecus,Theropithecus_gelada_ssp,Cercopithecidae,0.46941989782951105
1520,SAMN20949890,Theropithecus,Theropithecus_gelada_ssp,Cercopithecidae,0.3999858014484917
1522,SAMN20949892,Theropithecus,Theropithecus_gelada_ssp,Cercopithecidae,0.4941779209849428
1523,SAMN20949893,Theropithecus,Theropithecus_gelada_ssp,Cercopithecidae,0.44681780063194976
1524,SAMN20949894,Theropithecus,Theropithecus_gelada_ssp,Cercopithecidae,0.4840058115859277
1525,SAMN20949896,Theropithecus,Theropithecus_gelada_ssp,Cercopithecidae,0.2937209570527298
1526,SAMN20949898,Theropithecus,Theropithecus_gelada_ssp,Cercopithecidae,0.4245091713105703
1527,SAMN20949899,Theropithecus,Theropithecus_gelada_ssp,Cercopithecidae,0.45777365236797235
1528,SAMN20949900,Theropithecus,Theropithecus_gelada_ssp,Cercopithecidae,0.25209686223946903
1530,SAMN20949905,Theropithecus,Theropithecus_gelada_ssp,Cercopithecidae,0.4538655077628871
1532,SAMN20949909,Theropithecus,Theropithecus_gelada_ssp,Cercopithecidae,0.4722265912744764
1535,SAMN21582235,Erythrocebus,Erythrocebus_patas_ssp,Cercopithecidae,0.594276626435574
1536,SAMN21582240,Hylobates,Hylobates_agilis_ssp,Hylobatidae,0.6708480409375197
1537,SAMN21582245,Leontopithecus,Leontopithecus_rosalia_ssp,Callitrichidae,0.4806322133417304
1538,SAMN21582257,Pithecia,Pithecia_pithecia_ssp,Pitheciidae,0.5426812722956664
1540,SAMN21971400,Hylobates,Hylobates_lar_ssp,Hylobatidae,0.5506212601689909
1543,SAMN21971423,Mandrillus,Mandrillus_leucophaeus_ssp,Cercopithecidae,0.315008519739873
1544,SAMN21971424,Mandrillus,Mandrillus_leucophaeus_ssp,Cercopithecidae,0.31314811579246987
1545,SAMN21971425,Mandrillus,Mandrillus_leucophaeus_ssp,Cercopithecidae,0.3375559969656647
1548,SAMN21971465,Pithecia,Pithecia_pithecia_ssp,Pitheciidae,0.4523303013358121
1550,SAMN21971467,Pithecia,Pithecia_pithecia_ssp,Pitheciidae,0.46291391550854716
1551,SAMN21971468,Pithecia,Pithecia_pithecia_ssp,Pitheciidae,0.4387283637074456
1553,SAMN21971470,Pithecia,Pithecia_pithecia_ssp,Pitheciidae,0.4599316690230288
1555,SAMN21971499,Saimiri,Saimiri_boliviensis_ssp,Cebidae,0.7076441901529471
1556,SAMN21971500,Saimiri,Saimiri_boliviensis_ssp,Cebidae,0.2769545870600687
1557,SAMN21971501,Saimiri,Saimiri_boliviensis_ssp,Cebidae,0.3056958591982291
1558,SAMN21971502,Saimiri,Saimiri_boliviensis_ssp,Cebidae,0.29327374557471036
1560,SAMN21971504,Saimiri,Saimiri_boliviensis_ssp,Cebidae,0.3269740724221506
1561,SAMN21971505,Saimiri,Saimiri_boliviensis_ssp,Cebidae,0.3286523849413649
1573,SAMN23530515,Nycticebus,Nycticebus_bengalensis_ssp,Lorisidae,0.2928446085666835
1574,SAMN23530517,Pithecia,Pithecia_pithecia_ssp,Pitheciidae,0.45791315353572454
1578,SAMN23530524,Trachypithecus,Trachypithecus_phayrei_ssp,Cercopithecidae,0.49895339751336726
1580,SAMN24909948,Colobus,Colobus_guereza_ssp,Cercopithecidae,0.42903762504723736
1581,SAMN24909949,Erythrocebus,Erythrocebus_patas_ssp,Cercopithecidae,0.6773310842586251
1582,SAMN24909950,Hylobates,Hylobates_pileatus_ssp,Hylobatidae,0.8194593771347496
1583,SAMN24909951,Macaca,Macaca_silenus_ssp,Cercopithecidae,0.5628055568185227
1584,SAMN24909952,Papio,Papio_hamadryas_ssp,Cercopithecidae,0.4674016165946424
1586,SAMN25565059,Cercopithecus,Cercopithecus_mitis_ssp,Cercopithecidae,0.49334203313029745
1587,SAMN25565061,Eulemur,Eulemur_collaris_ssp,Lemuridae,0.6399878372866679
1591,SAMN29758779,Symphalangus,Symphalangus_syndactylus_ssp,Hylobatidae,0.6656972380980553
1592,SAMN29758785,Varecia,Varecia_variegata_ssp,Lemuridae,0.6181744037508285
1596,SAMN33960461,Trachypithecus,Trachypithecus_poliocephalus_ssp,Cercopithecidae,0.6559862271730811
1599,SAMN33960464,Trachypithecus,Trachypithecus_poliocephalus_ssp,Cercopithecidae,0.6520515587079735
1600,SAMN35877942,Pan,Pan_paniscus_ssp,Hominidae,0.7202328419880079
1602,SAMN35877944,Gorilla,Gorilla_gorilla_ssp,Hominidae,0.5436491897941335
1606,SAMN37320022,Allochrocebus,Allochrocebus_lhoesti_ssp,Cercopithecidae,0.356068126443432
1608,SAMN37320038,Perodicticus,Perodicticus_potto_ssp,Lorisidae,0.7636759463268985
1611,SAMN37320058,Cercopithecus,Cercopithecus_ascanius_ssp,Cercopithecidae,0.521947320650222
1612,SAMN41072372,Eulemur,Eulemur_rufifrons_ssp,Lemuridae,0.4263160442613491
1613,SAMN43386187,Hoolock,Hoolock_leuconedys_ssp,Hylobatidae,0.3884632570844525
1615,SAMN43494760,Papio,Papio_anubis_ssp,Cercopithecidae,0.5424379568050727
1616,SAMN43494761,Papio,Papio_anubis_ssp,Cercopithecidae,0.5498996210596703
1619,SAMN43494764,Papio,Papio_anubis_ssp,Cercopithecidae,0.4437078513536587
1620,SAMN43494765,Papio,Papio_anubis_ssp,Cercopithecidae,0.6033352506873383
1621,SAMN43494766,Papio,Papio_anubis_ssp,Cercopithecidae,0.417299127855263
1622,SAMN43494767,Papio,Papio_anubis_ssp,Cercopithecidae,0.6245887146397047
1628,SAMN44474152,Daubentonia,Daubentonia_madagascariensis_ssp,Daubentoniidae,0.7556281783708895
1629,SAMN44474153,Daubentonia,Daubentonia_madagascariensis_ssp,Daubentoniidae,0.2905341612473388
1630,SAMN44474154,Daubentonia,Daubentonia_madagascariensis_ssp,Daubentoniidae,0.7513540195012202
1631,SAMN44474155,Daubentonia,Daubentonia_madagascariensis_ssp,Daubentoniidae,0.7063355737291811
1632,SAMN44474156,Daubentonia,Daubentonia_madagascariensis_ssp,Daubentoniidae,0.4460946898059429
1633,SAMN44474157,Daubentonia,Daubentonia_madagascariensis_ssp,Daubentoniidae,0.40978219560328943
1634,SAMN44474158,Daubentonia,Daubentonia_madagascariensis_ssp,Daubentoniidae,0.7668217075390229
1635,SAMN44474159,Daubentonia,Daubentonia_madagascariensis_ssp,Daubentoniidae,0.7641571163098307
1636,SAMN44474160,Daubentonia,Daubentonia_madagascariensis_ssp,Daubentoniidae,0.8015654011424884
1637,SAMN44474161,Daubentonia,Daubentonia_madagascariensis_ssp,Daubentoniidae,0.6430275073029893
1638,SAMN44474162,Daubentonia,Daubentonia_madagascariensis_ssp,Daubentoniidae,0.5671414795327119
1639,SAMN44474163,Daubentonia,Daubentonia_madagascariensis_ssp,Daubentoniidae,0.6554784356809237
1640,SAMN44474164,Daubentonia,Daubentonia_madagascariensis_ssp,Daubentoniidae,0.7520839193790217
1641,SAMN45929218,Brachyteles,Brachyteles_hypoxanthus_ssp,Atelidae,0.6188603219106834
